<?xml version="1.0" encoding="utf-8"?>
<productAdditionalComps>
   <dependsOn>
      <component>
         <name>PHASE</name>
         <locale/>
         <platformList>
            <platform>maci64</platform>
         </platformList>
         <version>4.2</version>
      </component>
   </dependsOn>
   <isControllingProduct>true</isControllingProduct>
   <platform>maci64</platform>
   <productName>PHASE</productName>
   <productNumber>5000</productNumber>
   <productBaseCode>PHASE</productBaseCode>
   <productVersion>4.2</productVersion>
   <releaseFamily>R2018b</releaseFamily>
   <releaseDescription>R2018b</releaseDescription>
</productAdditionalComps>