<?xml version="1.0" encoding="utf-8"?>
<ApplicationInstallerManifest>
   <DefaultInstallationDirectory>/Applications/University_of_Michigan/PHASE/</DefaultInstallationDirectory>
   <ApplicationName>PHASE</ApplicationName>
   <ExecutableName>application/PHASE.exe</ExecutableName>
   <GUID>9c9c2593-9c12-46d3-8d0c-6d09255b443e</GUID>
   <ApplicationIcon>default_icon_48.png</ApplicationIcon>
   <Logo>default_logo.png</Logo>
   <Version>4.2</Version>
   <InstallationNotes>In the following directions, replace MR/v95 by the directory on the target machine where MATLAB is installed, or MR by the directory where the MATLAB Runtime is installed.

If the environment variable DYLD_LIBRARY_PATH is undefined, set it to the following string:

MR/v95/runtime/maci64:MR/v95/sys/os/maci64:MR/v95/bin/maci64

If it is defined, set it to the following:

${DYLD_LIBRARY_PATH}:MR/v95/runtime/maci64:MR/v95/sys/os/maci64:MR/v95/bin/maci64
In the following directions, replace MR by the directory where MATLAB or the MATLAB Runtime is installed on the target machine.

If the environment variable DYLD_LIBRARY_PATH is undefined, set it to the following string:

MR/v93/runtime/maci64:MR/v93/sys/os/maci64:MR/v93/bin/maci64

If it is defined, set it to the following:

${DYLD_LIBRARY_PATH}:MR/v93/runtime/maci64:MR/v93/sys/os/maci64:MR/v93/bin/maci64</InstallationNotes>
   <AuthorOrganization>University of Michigan</AuthorOrganization>
   <Summary>Activity, Sleep, and Entrainment Analysis</Summary>
   <WelcomePanelText>PHASE 4.2
Activity, Sleep, and Entrainment Analysis
A. Roelofs
aheinlei@umich.edu</WelcomePanelText>
   <MCRProducts>
      <MCRProduct>
         <ExternalProductIdentifier>35000</ExternalProductIdentifier>
      </MCRProduct>
      <MCRProduct>
         <ExternalProductIdentifier>35010</ExternalProductIdentifier>
      </MCRProduct>
   </MCRProducts>
</ApplicationInstallerManifest>